beagle	51d1dc9487afdb07fb184bc12a6d8705768d402b2285ceb7a50e592030c4d9e6	53240
botany	f2ce88adeabf4881bcbf27e04ccd53dfeaa932076e20db6d8943be2ac030a704	53571
botany.mtp1	aa58f2bca117a5f01d8570c53a0c8b60b521f4d7db06a1fb47f0a1d7ff890653	53571
botany.mtp2	aa58f2bca117a5f01d8570c53a0c8b60b521f4d7db06a1fb47f0a1d7ff890653	53571
botany.mtp3	aa58f2bca117a5f01d8570c53a0c8b60b521f4d7db06a1fb47f0a1d7ff890653	53571
botany.mtp4	aa58f2bca117a5f01d8570c53a0c8b60b521f4d7db06a1fb47f0a1d7ff890653	53571
botany.mtp5	aa58f2bca117a5f01d8570c53a0c8b60b521f4d7db06a1fb47f0a1d7ff890653	53571
botany.mtp6	aa58f2bca117a5f01d8570c53a0c8b60b521f4d7db06a1fb47f0a1d7ff890653	53571
drama	bd5eebab146f16e21d57a69d172a13ed55e3a70b14d0e2b0681c538594e0c6da	53222
essays	c25670afda3ec8a52141f8a6c0627100abd79f1fa49a6324d19cdd8cdd58f25b	53234
medicine	a4bef8c9849f9e2b0ca5303f5796d32eeed6ca1229cc908f25e11377b76b437b	53577
plutarch	b259db0c3d39e7a510a761e7a41b2d267bbb6eea65587875591e0a9c68a791e9	53105
republic	3725aed767e20a6f08bbd656e51c8f6fe9d1e5c4abbc89250ce22128d29fd936	53183
travel	5e0fd7e225827ec21f1f973c367c96c18a34c9f9045da65b773fc62700dedd7e	53105
